{"count":1,"self":80.4363456,"total":564.7785431,"children":{"InitializeActuators":{"count":32,"self":0.0013300999999999999,"total":0.0013300999999999999,"children":null},"InitializeSensors":{"count":32,"self":0.0029906,"total":0.0029906,"children":null},"AgentSendState":{"count":88517,"self":2.4470712,"total":15.861185299999999,"children":{"CollectObservations":{"count":566592,"self":2.8715946,"total":2.8715946,"children":null},"WriteActionMask":{"count":566592,"self":0.5232595,"total":0.5232595,"children":null},"RequestDecision":{"count":566592,"self":1.8402018,"total":10.0192599,"children":{"AgentInfo.ToProto":{"count":566592,"self":1.5690845,"total":8.1790580999999989,"children":{"GenerateSensorData":{"count":566592,"self":6.6099736,"total":6.6099736,"children":null}}}}}}},"DecideAction":{"count":88517,"self":454.1142528,"total":454.1142723,"children":null},"AgentAct":{"count":88517,"self":14.3594256,"total":14.359426099999999,"children":null},"AgentInfo.ToProto":{"count":268,"self":0.0009979,"total":0.0019923,"children":{"GenerateSensorData":{"count":268,"self":0.00099439999999999988,"total":0.00099439999999999988,"children":null}}}},"gauges":{"FootballPlayer.CumulativeReward":{"count":268,"max":0.0300006364,"min":-89.94059,"runningAverage":-17.9867153,"value":-2.999997,"weightedAverage":-7.514953}},"metadata":{"timer_format_version":"0.1.0","start_time_seconds":"1649140817","unity_version":"2022.1.0b14","command_line_arguments":"C:\\Program Files\\Unity\\Hub\\Editor\\2022.1.0b14\\Editor\\Unity.exe -projectpath C:\\MlAgent\\My project -useHub -hubIPC -cloudEnvironment production -licensingIpc LicenseClient-George -hubSessionId c9945260-b19f-11ec-9261-ed90d8a36d45 -accessToken Glr8smIbkbg57eo_lEt9GRmHEB2IB7nGAR5YHvJ22nE007f","communication_protocol_version":"1.5.0","com.unity.ml-agents_version":"2.0.1","scene_name":"SampleScene","end_time_seconds":"1649141382"}}